region,network,year,value
LDC,2G,2023,91.60330938
LDC,3G,2023,81.96811471
LDC,4G,2023,63.42764706
LDC,5G,2023,0
WLD,2G,2023,97.13172438
WLD,3G,2023,93.74839939
WLD,4G,2023,87.75573171
WLD,5G,2023,43.02715385