{"affordability_incgroup":[{"incgroup":"HIC","datashare":1.862400297,"foodshare":14.48838661},{"incgroup":"LIC","datashare":16.97729373,"foodshare":60.12727273},{"incgroup":"LMC","datashare":8.182920053,"foodshare":46.84210157},{"incgroup":"UMC","datashare":4.729922975,"foodshare":35.49857455}]}