incgroup,datashare,foodshare
High income,1.862400297,14.48838661
Low income,16.97729373,60.12727273
Lower middle income,8.182920053,46.84210157
Upper middle income,4.729922975,35.49857455