incgroup,datashare,foodshare
HIC,1.862400297,14.48838661
LIC,16.97729373,60.12727273
LMC,8.182920053,46.84210157
UMC,4.729922975,35.49857455