iso3c,year,value,indicator_sdg
AIA,2015,86.54116897,61.1.0
AIA,2016,86.54116897,61.1.0
AIA,2017,86.54116897,61.1.0
AIA,2015,80.24183774,61.3.0
AIA,2016,80.24183774,61.3.0
AIA,2017,80.24183774,61.3.0