iso3c,year,value,indicator_sdg
ATF,2015,2.72985,14.1.1
ATF,2016,3.88837,14.1.1
ATF,2017,6.65631,14.1.1
ATF,2018,4.03132,14.1.1
ATF,2019,4.69058,14.1.1
ATF,2020,4.8508,14.1.1
ATF,2021,10.14098,14.1.1