iso3c,year,value,indicator_sdg
BES,2015,1.98582,14.1.1
BES,2016,0.47894,14.1.1
BES,2017,1.90268,14.1.1
BES,2018,2.43122,14.1.1
BES,2019,0.33681,14.1.1
BES,2020,0.10104,14.1.1
BES,2021,4.3344,14.1.1
BES,2022,0.19224,14.1.1