iso3c,year,value,indicator_sdg
BLM,2015,4.4239,14.1.1
BLM,2016,0.49261,14.1.1
BLM,2017,2.32843,14.1.1
BLM,2018,0.4902,14.1.1
BLM,2019,0.73529,14.1.1
BLM,2020,0.4902,14.1.1
BLM,2021,6.27451,14.1.1
BLM,2022,2.1836,14.1.1