iso3c,year,value,indicator_sdg
ESH,2015,10.7795,14.1.1
ESH,2016,7.3905,14.1.1
ESH,2017,3.93836,14.1.1
ESH,2018,6.737,14.1.1
ESH,2019,4.72596,14.1.1
ESH,2020,10.59617,14.1.1
ESH,2021,6.28699,14.1.1
ESH,2022,4.94461,14.1.1