iso3c,year,value,indicator_sdg
FLK,2015,92.23000211,61.1.0
FLK,2016,92.38584787,61.1.0
FLK,2017,92.53710697,61.1.0
FLK,2018,92.68379072,61.1.0
FLK,2019,92.82588076,61.1.0
FLK,2020,92.96339334,61.1.0