iso3c,year,value,indicator_sdg
GLP,2015,4.02476,14.1.1
GLP,2016,2.77222,14.1.1
GLP,2017,0.22594,14.1.1
GLP,2018,0.36467,14.1.1
GLP,2019,1.54069,14.1.1
GLP,2020,0.14527,14.1.1
GLP,2021,3.91823,14.1.1
GLP,2022,5.30222,14.1.1