iso3c,year,value,indicator_sdg
GUF,2015,8.51985,14.1.1
GUF,2016,11.48956,14.1.1
GUF,2017,12.11809,14.1.1
GUF,2018,10.69284,14.1.1
GUF,2019,9.47327,14.1.1
GUF,2020,8.60614,14.1.1
GUF,2021,10.94207,14.1.1
GUF,2022,15.72552,14.1.1