iso3c,year,value,indicator_sdg
JEY,2015,7.30726,14.1.1
JEY,2016,30.80033,14.1.1
JEY,2017,0.63291,14.1.1
JEY,2018,29.61976,14.1.1
JEY,2019,3.73059,14.1.1
JEY,2020,14.28571,14.1.1
JEY,2022,0.32938,14.1.1