iso3c,year,value,indicator_sdg
MSR,2015,98.06766894,61.1.0
MSR,2016,98.06602009,61.1.0
MSR,2017,98.06437125,61.1.0
MSR,2018,98.0627224,61.1.0
MSR,2019,98.06107355,61.1.0
MSR,2020,98.0594247,61.1.0
MSR,2021,98.0594247,61.1.0
MSR,2022,98.0594247,61.1.0
MSR,2023,98.0594247,61.1.0
MSR,2024,98.0594247,61.1.0