iso3c,year,value,indicator_sdg
MTQ,2015,7.89948,14.1.1
MTQ,2016,21.82769,14.1.1
MTQ,2017,2.56341,14.1.1
MTQ,2018,1.46955,14.1.1
MTQ,2019,3.33873,14.1.1
MTQ,2020,0.18518,14.1.1
MTQ,2021,2.98097,14.1.1
MTQ,2022,8.11419,14.1.1