iso3c,year,value,indicator_sdg
MYT,2015,0.14704,14.1.1
MYT,2016,0.06007,14.1.1
MYT,2017,0.11718,14.1.1
MYT,2018,0.10908,14.1.1
MYT,2019,0.07382,14.1.1
MYT,2020,0.06247,14.1.1
MYT,2021,0.10163,14.1.1
MYT,2022,0.05399,14.1.1