iso3c,year,value,indicator_sdg
NFK,2015,0.46353,14.1.1
NFK,2016,0.01851,14.1.1
NFK,2017,0.82645,14.1.1
NFK,2018,0.06003,14.1.1
NFK,2019,1.25881,14.1.1
NFK,2020,0.32996,14.1.1
NFK,2021,0.62463,14.1.1
NFK,2022,0.04753,14.1.1