iso3c,year,value,indicator_sdg
NIU,2015,3.08123,14.1.1
NIU,2016,0.26876,14.1.1
NIU,2017,3.08525,14.1.1
NIU,2018,2.44238,14.1.1
NIU,2019,0.69156,14.1.1
NIU,2020,2.60601,14.1.1
NIU,2021,3.6229,14.1.1
NIU,2022,0.20063,14.1.1