iso3c,year,value,indicator_sdg
REU,2015,0.36316,14.1.1
REU,2016,0.28449,14.1.1
REU,2017,1.34598,14.1.1
REU,2018,0.31128,14.1.1
REU,2019,19.39016,14.1.1
REU,2020,17.94068,14.1.1
REU,2021,0.09276,14.1.1
REU,2022,0.18741,14.1.1