iso3c,year,value,indicator_sdg
SHN,2015,2.0457,14.1.1
SHN,2016,0.47505,14.1.1
SHN,2017,0.88202,14.1.1
SHN,2018,0.95425,14.1.1
SHN,2019,1.43233,14.1.1
SHN,2020,1.96121,14.1.1
SHN,2021,2.81535,14.1.1
SHN,2022,0.24834,14.1.1