iso3c,year,value,indicator_sdg
SJM,2015,20.04728,14.1.1
SJM,2016,12.54013,14.1.1
SJM,2017,16.61826,14.1.1
SJM,2018,20.44329,14.1.1
SJM,2019,23.46468,14.1.1
SJM,2020,15.98477,14.1.1
SJM,2021,13.09118,14.1.1