iso3c,year,value,indicator_sdg
SPM,2015,9.43375,14.1.1
SPM,2016,6.52894,14.1.1
SPM,2017,10.20805,14.1.1
SPM,2018,4.86897,14.1.1
SPM,2019,15.94475,14.1.1
SPM,2020,14.26927,14.1.1
SPM,2021,13.86777,14.1.1
SPM,2022,8.41271,14.1.1