iso3c,year,value,indicator_sdg
TKL,2015,93.11290275,61.1.0
TKL,2016,93.8269867,61.1.0
TKL,2017,94.54273819,61.1.0
TKL,2018,95.26015721,61.1.0
TKL,2019,95.97924376,61.1.0
TKL,2020,96.62628396,61.1.0
TKL,2021,97.20922455,61.1.0
TKL,2022,97.79216515,61.1.0
TKL,2023,98.37510574,61.1.0
TKL,2024,98.95804634,61.1.0