iso3c,year,value,indicator_sdg
TKL,2015,0.02992,14.1.1
TKL,2016,0.02643,14.1.1
TKL,2017,0.02359,14.1.1
TKL,2018,0.04786,14.1.1
TKL,2019,0.02468,14.1.1
TKL,2020,0.04118,14.1.1
TKL,2021,0.16129,14.1.1
TKL,2022,0.04492,14.1.1