iso3c,year,value,indicator_sdg
UMI,2015,0.00831,14.1.1
UMI,2016,0.0593,14.1.1
UMI,2017,0.11796,14.1.1
UMI,2018,0.67644,14.1.1
UMI,2019,0.14052,14.1.1
UMI,2020,0.57018,14.1.1
UMI,2021,1.39853,14.1.1