iso3c,year,value,indicator_sdg
WLF,2015,1.39786,14.1.1
WLF,2016,0.78418,14.1.1
WLF,2017,0.56757,14.1.1
WLF,2018,0.42618,14.1.1
WLF,2019,0.03506,14.1.1
WLF,2020,0.6633,14.1.1
WLF,2021,2.81921,14.1.1
WLF,2022,0.03187,14.1.1