reach_target_year,speed,end_year,end_value,start_value,indicator_sdg,start_year,typical_end_value
2011,,2023,100,100,7.1.1,2015,
2017,,2017,97.17,,17.8.1,,
,,2025,12.95606232,,4.1.2,,
,0.7352941176,2023,76.4,75.4,43.0.0,2015,76.76
,,2024,0.2062174586,,42.0.0,,
,,2016,95.11172113,,61.1.0,,
,0,2022,8.942,8.942,47.0.0,2015,9.3964375