reach_target_year,speed,end_year,end_value,start_value,indicator_sdg,start_year,typical_end_value
,-2.243306533,2022,30.4,20,2.1.1,2015,16.64867074
,0.528408582,2021,41,36,3.8.1,2015,45.52273213
,,2019,88.89012146,,4.1.2,,
,-28.58196125,2024,5.3,19.8,8.5.1,2015,21.00615385
2174,1.962479044,2022,30,23.9,6.1.1,2015,26.94976744
2049,1.465073182,2023,85.3,71.5,7.1.1,2015,81.62853206
2121,0.3248893816,2023,17.7,8.3,17.8.1,2015,42.3966614
,1.087195013,2023,57.1,39.4,17.18.1,2016,55.94773062
,-0.7501487149,2020,528,565.8,8.1.1,2015,621.1881959