reach_target_year,speed,end_year,end_value,start_value,indicator_sdg,start_year,typical_end_value
,0,2024,90.6,90.6,6.1.1,2015,92.4
1990,,2023,100,,7.1.1,,
2023,1.141765873,2023,95.4,87.9,17.8.1,2015,94.79952381
,,2024,49.8675,,17.18.1,,
1985,,2023,2.6,,3.2.1,,
1989,,2023,1.3,,3.2.2,,
,4.166666667,2023,12.1,11.3,4.1.2,2015,11.54
,0.3800847783,2022,39780.6,38655,8.1.1,2015,41630.87955
,-0.625,2023,84,84.5,43.0.0,2015,85.3