reach_target_year,speed,end_year,end_value,start_value,indicator_sdg,start_year,typical_end_value
,0.9912510357,2021,79,75,3.8.1,2015,79.03149627
,0.4464285714,2023,69.4,65.4,4.1.2,2015,74.34964286
,0,2022,90.6,90.6,6.1.1,2015,91.60666667
1990,,2023,100,100,7.1.1,2015,
2023,1.140196147,2023,95.4,87.9,17.8.1,2015,94.78865007
,,2023,48.79666667,,17.18.1,,
,0.3800847783,2022,39780.6,38655,8.1.1,2015,41630.87955