reach_target_year,speed,end_year,end_value,start_value,indicator_sdg,start_year,typical_end_value
,9.75170068,2022,2.7,4.6,2.1.1,2015,4.171428571
,2.533856133,2021,82,72,3.8.1,2015,76.62055149
,,2023,99.1737917,,4.1.2,,
,4.102668845,2024,55.6,49.2,8.5.1,2015,50.82
1990,,2023,100,100,7.1.1,2015,
2018,,2024,100,,17.8.1,,
,2.17560454,2023,77.6,47,17.18.1,2016,61.39407257
1950,,2025,0,,1.1.1,,
,-0.2811249416,2022,42687.6,43534.8,8.1.1,2015,46562.40102
2018,,2018,0.5,,10.1.1,,