reach_target_year,speed,end_year,end_value,start_value,indicator_sdg,start_year,typical_end_value
,,1990,0,,17.8.1,,
,0.125,2023,72.9,72.7,43.0.0,2015,74.3
2033,4.091491498,2024,97.2,92.3,6.1.1,2015,94.0008885
2026,3.981481481,2024,98.8,97.4,6.1.1,2015,97.85
2155,1.434343434,2024,90.5,89.2,6.1.1,2015,90.10909091
,2.90285169,2022,3.625,2.912,47.0.0,2015,3.143700758