reach_target_year,speed,end_year,end_value,start_value,indicator_sdg,start_year,typical_end_value
,0.7222222222,2024,90.5,89.2,6.1.1,2015,91
,,1990,0,,17.8.1,,
,0.5975364559,2022,13708.8,12727.2,8.1.1,2015,14402.25201
,0.125,2023,72.9,72.7,43.0.0,2015,74.3