reach_target_year,speed,end_year,end_value,start_value,indicator_sdg,start_year,typical_end_value
,-0.4939653448,2021,76,78,3.8.1,2015,81.43667914
2008,,2022,123.3547352,,4.1.2,,
2012,,2023,100,100,7.1.1,2015,
2058,0.424822505,2023,77.6,70,17.8.1,2015,85.43408779
,,2023,55.6475,,17.18.1,,
,0.7034942276,2022,17457,16077.6,8.1.1,2015,18062.14547