reach_target_year,speed,end_year,end_value,start_value,indicator_sdg,start_year,typical_end_value
2012,,2023,100,,7.1.1,,
2058,0.4234194429,2023,77.6,70,17.8.1,2015,85.50088679
,,2024,63.21083333,,17.18.1,,
1974,,2023,9.3,11,3.2.1,2015,8.475
1976,,2023,5.4,6.5,3.2.2,2015,5
,,2025,12.65582657,,4.1.2,,
,0.7034942276,2022,17457,16077.6,8.1.1,2015,18062.14547
,0.4375,2023,77.6,76.9,43.0.0,2015,78.5