reach_target_year,speed,end_year,end_value,start_value,indicator_sdg,start_year,typical_end_value
2001,,2022,2.5,,2.1.1,,
,,2021,87,,3.8.1,,
,,2024,77.186,,8.5.1,,
1990,,2023,100,100,7.1.1,2015,
2021,1.947499993,2023,97.1,84.6,17.8.1,2015,93.19337833
,0.339070914,2021,89,87.4,17.18.1,2016,89.2
1950,,2025,0.9,0.5,1.1.1,2015,0.395
,1.465159103,2022,61009.8,56739,8.1.1,2015,59669.03311
,,2020,1.1,,10.1.1,,