reach_target_year,speed,end_year,end_value,start_value,indicator_sdg,start_year,typical_end_value
,0.1045597484,2021,41,40,3.8.1,2015,49.51889697
,-2.270050952,2020,47.6,60.1,4.1.2,2015,65.6990991
2021,,2024,81.113,,8.5.1,,
2185,0.5513783547,2023,11.6,7.9,7.1.1,2015,15.23474675
2094,0.4718037833,2023,11.1,2,17.8.1,2015,28.78073127
,-0.1667553405,2023,47.3,50.1,17.18.1,2016,63.97267893
,-0.6550154451,2025,74.54,70.7,1.1.1,2015,64.38915083
,,2024,255.5983958,,8.1.1,,
,,2020,16.4,,10.1.1,,