reach_target_year,speed,end_year,end_value,start_value,indicator_sdg,start_year,typical_end_value
2001,,2022,2.5,,2.1.1,,
,,2021,86,,3.8.1,,
,4.070707071,2024,67,63,8.5.1,2015,64.08
2000,,2022,99.7,99.7,6.1.1,2015,99.77
1990,,2023,100,100,7.1.1,2015,
2024,1.337931197,2024,95.8,85.1,17.8.1,2015,94.1114495
,1.672949222,2022,88.7,75.3,17.18.1,2016,84.42532319
1950,,2025,0.1,,1.1.1,,
,1.230758233,2022,44596.8,40893.6,8.1.1,2015,43899.18159
2020,0.625,2023,0.5,0.6,10.1.1,2015,0.44