reach_target_year,speed,end_year,end_value,start_value,indicator_sdg,start_year,typical_end_value
2170,0.5549242424,2023,21.7,16.2,7.1.1,2015,26.78871129
2071,0.6365442195,2024,28.3,6.5,17.8.1,2015,43.09946071
,1.916102757,2024,76.4,49.5,17.18.1,2016,64.9962406
,,2021,9.4,,10.1.1,,
2054,2.455004261,2025,34.59,52.6,1.1.1,2015,44.865
,-0.1785714286,2023,6.5,6.7,4.1.2,2015,7.711684982
,0.7125,2023,61.1,58.8,43.0.0,2015,62.02
,-1.6,2023,67.8,73.5,45.0.0,2015,76.7
,1.428571429,2022,0.7,0.8,42.0.0,2015,0.73
2155,1.238166633,2024,23.1,14.9,6.1.1,2015,21.26933529
2223,1.699626446,2024,61.5,48.3,6.1.1,2015,56.40528714
,2.071428571,2022,0.132,0.103,47.0.0,2015,0.117