reach_target_year,speed,end_year,end_value,start_value,indicator_sdg,start_year,typical_end_value
1990,,2023,100,,7.1.1,,
2016,,2024,100,,17.8.1,,
,0.5452428007,2024,52,42.5,17.18.1,2016,59.21707133
,-1.25,2023,12.3,12.4,4.1.2,2015,12.48
,0.625,2023,81.3,80.3,43.0.0,2015,81.9
,4.875,2023,57.4,43.9,45.0.0,2015,46.3
,2.857142857,2022,0.6,0.8,42.0.0,2015,0.73
,0,2024,98.9,98.9,6.1.1,2015,99.14666667
2009,,2024,99.5,99.2,6.1.1,2015,99.38
2000,,2024,99.86446038,,6.1.1,,
,,2023,23.09593506,,47.0.0,,