reach_target_year,speed,end_year,end_value,start_value,indicator_sdg,start_year,typical_end_value
,,2024,98.90397556,,6.1.1,,
1990,,2023,100,,7.1.1,,
2016,,2024,100,,17.8.1,,
,0.5931932103,2024,52,42.5,17.18.1,2016,58.03696514
1986,,2023,8.6,7.7,3.2.1,2015,6.1
1994,,2023,4.4,3.4,3.2.2,2015,2.6
,-1.25,2023,12.3,12.4,4.1.2,2015,12.48
,0.6066804389,2022,25234.2,23734.2,8.1.1,2015,26231.23293
,0.625,2023,81.3,80.3,43.0.0,2015,81.9
,4.364583333,2023,57.4,43.9,45.0.0,2015,46.63333333