reach_target_year,speed,end_year,end_value,start_value,indicator_sdg,start_year,typical_end_value
,0.6535908477,2021,76,73,3.8.1,2015,77.4250044
,,2024,94.10880528,,4.1.2,,
,0.1754385965,2024,45.4,45.1,8.5.1,2015,46.81
,0,2022,98.9,98.9,6.1.1,2015,99.04
1990,,2023,100,100,7.1.1,2015,
2016,4.553417911,2020,99.7,93.5,17.8.1,2015,96.27290574
,0.5241108449,2023,51.6,42.5,17.18.1,2016,58.1166148
,0.6066804389,2022,25234.2,23734.2,8.1.1,2015,26231.23293