reach_target_year,speed,end_year,end_value,start_value,indicator_sdg,start_year,typical_end_value
,0,2021,77,77,3.8.1,2015,80.63592234
,,2019,87.86450148,,4.1.2,,
,5.37037037,2024,75.6,74.4,8.5.1,2015,74.67
1990,,2023,100,100,7.1.1,2015,
2023,1.787216947,2023,94.8,78,17.8.1,2015,89.83720267
,0.7174474586,2023,49.8,36.7,17.18.1,2016,53.99572482
,0.53055493,2022,32186.4,30719.4,8.1.1,2015,33505.39451