reach_target_year,speed,end_year,end_value,start_value,indicator_sdg,start_year,typical_end_value
1990,,2023,100,100,7.1.1,2015,
2022,,2025,81.39,,8.5.1,,
2027,1.221064564,2024,92.5,78,17.8.1,2015,90.7852348
,0.7954532949,2024,51.3,36.7,17.18.1,2016,54.05415553
,-2.476190476,2025,9.5,10.8,4.1.2,2015,11.175
,0.5882352941,2023,74.6,73.8,43.0.0,2015,75.16
,,2024,0.1877047074,,42.0.0,,
,,2019,98.13016313,,61.1.0,,
,1.386021837,2022,5.545,5.06,47.0.0,2015,5.407190204