reach_target_year,speed,end_year,end_value,start_value,indicator_sdg,start_year,typical_end_value
1990,,2023,100,,7.1.1,,
2023,1.778592344,2023,94.8,78,17.8.1,2015,89.90538823
,0.8646224628,2024,51.3,36.7,17.18.1,2016,53.35773857
1989,,2023,12.7,13.9,3.2.1,2015,10.52
1992,,2023,9.2,8.6,3.2.2,2015,6.633333333
,-2.882440476,2023,9.4,10.8,4.1.2,2015,11.12
,0.53055493,2022,32186.4,30719.4,8.1.1,2015,33505.39451
,0.5,2023,74.6,73.8,43.0.0,2015,75.4