reach_target_year,speed,end_year,end_value,start_value,indicator_sdg,start_year,typical_end_value
1990,,2023,100,100,7.1.1,2015,
2013,,2017,98.37,,17.8.1,,
,2.010587656,2023,82.3,80.3,43.0.0,2015,81.51634454
,-2.458442599,2022,8.881,10.006,47.0.0,2015,10.47330303