reach_target_year,speed,end_year,end_value,start_value,indicator_sdg,start_year,typical_end_value
,,2022,3.5,,2.1.1,,
,-0.8081568847,2021,77,80,3.8.1,2015,83.03290133
,1.74112145,2023,92.2,86.5,4.1.2,2018,90.12776889
,3.055555556,2024,74.1,73,8.5.1,2015,73.36
1990,,2023,100,100,7.1.1,2015,
2051,0.477984933,2023,80,72,17.8.1,2015,86.5668205
,,2023,62.515,,17.18.1,,
1970,,2025,1.5,1.6,1.1.1,2015,1.139333333
,0.00253363981,2022,18959.4,18954,8.1.1,2015,21161.24307
,,2016,2.8,,10.1.1,,