reach_target_year,speed,end_year,end_value,start_value,indicator_sdg,start_year,typical_end_value
1990,,2023,100,100,7.1.1,2015,
,-0.6944444444,2024,59.8,60.8,8.5.1,2015,62.16875
2018,2.304995225,2024,96.3,71.2,17.8.1,2015,87.38412806
,,2024,61.4375,,17.18.1,,
,-2.5,2023,12.1,12.3,4.1.2,2015,12.38
,0.2941176471,2023,75.3,74.9,43.0.0,2015,76.26
,,2024,0.3799044066,,42.0.0,,
2000,,2024,99.9,99.8,61.1.0,2015,99.89
,6.604620134,2022,12.039,8.953,47.0.0,2015,9.407609375