reach_target_year,speed,end_year,end_value,start_value,indicator_sdg,start_year,typical_end_value
,0.7223358579,2021,78,75,3.8.1,2015,79.03149627
2016,,2023,101.6813204,,4.1.2,,
,-1.788359788,2024,58.5,60.8,8.5.1,2015,61.98428571
1990,,2023,100,100,7.1.1,2015,
2018,3.860912368,2023,99,71.2,17.8.1,2015,86.11637301
,,2023,63.20625,,17.18.1,,
,-0.769368908,2022,28549.2,30625.2,8.1.1,2015,33408.10995