reach_target_year,speed,end_year,end_value,start_value,indicator_sdg,start_year,typical_end_value
1990,,2023,100,,7.1.1,,
2018,3.957428453,2023,99,71.2,17.8.1,2015,86.18688679
,,2024,61.4375,,17.18.1,,
1979,,2023,9.4,10,3.2.1,2015,7.7
1989,,2023,4.9,5,3.2.2,2015,4.2
,-2.5,2023,12.1,12.3,4.1.2,2015,12.38
,-0.769368908,2022,28549.2,30625.2,8.1.1,2015,33408.10995
,0.25,2023,75.3,74.9,43.0.0,2015,76.5