reach_target_year,speed,end_year,end_value,start_value,indicator_sdg,start_year,typical_end_value
2001,,2022,2.5,,2.1.1,,
,,2021,91,,3.8.1,,
,,2000,98.26299286,,4.1.2,,
,,2024,77.423,,8.5.1,,
2019,1.428571429,2022,99,98.8,6.1.1,2015,98.94
1990,,2023,100,100,7.1.1,2015,
2026,0.6047053879,2023,94,90,17.8.1,2015,95.77563526
,,2023,93.46166667,,17.18.1,,
1950,,2025,0.2,,1.1.1,,
,0.6885479712,2022,45677.4,43594.2,8.1.1,2015,46622.1349
2020,1.666666667,2021,0.5,0.7,10.1.1,2015,0.58