reach_target_year,speed,end_year,end_value,start_value,indicator_sdg,start_year,typical_end_value
,1.111111111,2024,65.5,64.4,8.5.1,2015,65.39
1990,,2023,100,100,7.1.1,2015,
,2.056787081,2022,67513.8,61852.2,8.1.1,2015,64653.40347