reach_target_year,speed,end_year,end_value,start_value,indicator_sdg,start_year,typical_end_value
,-1.088593096,2022,16.9,13.9,2.1.1,2015,11.67740271
,0.4203612486,2021,48,44,3.8.1,2015,53.29441365
,,2024,72.71882186,,4.1.2,,
,4.736842105,2024,43.4,35.3,8.5.1,2015,37.01
2040,1.958974175,2023,89.8,74.1,7.1.1,2015,83.52838943
2056,0.8524445301,2023,35.7,7.5,17.8.1,2015,41.18411192
2144,0.6336315231,2025,27.6,31.4,1.1.1,2015,25.51081687
,0.7990167644,2022,1488.6,1329.6,8.1.1,2015,1531.626204
,,2014,9,,10.1.1,,