reach_target_year,speed,end_year,end_value,start_value,indicator_sdg,start_year,typical_end_value
2015,5.011904762,2023,100,99,7.1.1,2015,99.44952381
,-1.625730994,2024,50.6,53.5,8.5.1,2015,55.21
2041,1.074604453,2024,70.5,37.3,17.8.1,2015,68.81809062
,1,2025,12.2,12.1,4.1.2,2015,12.2
,0.2941176471,2023,78.1,77.7,43.0.0,2015,79.06
,0.575,2023,70.1,67.8,45.0.0,2015,71.58
2061,1.89495786,2024,93.3,89.2,61.1.0,2015,91.61734837
2222,1.01010101,2024,89.3,88.3,61.3.0,2015,89.29
,-1.464327485,2022,1.513,1.711,47.0.0,2015,1.859428571