reach_target_year,speed,end_year,end_value,start_value,indicator_sdg,start_year,typical_end_value
2001,,2022,2.5,,2.1.1,,
,-0.3851583386,2021,83,84,3.8.1,2015,85
,-0.9925296327,2023,93.6,95.9,4.1.2,2015,97.07240507
,-1.735657226,2024,49.6,52.4,8.5.1,2015,53.93
2015,5.011904762,2023,100,99,7.1.1,2015,99.44952381
2037,1.226625695,2023,71.3,37.3,17.8.1,2015,66.68541672
,-0.1698538384,2022,7552.2,7728,8.1.1,2015,8838.41837