reach_target_year,speed,end_year,end_value,start_value,indicator_sdg,start_year,typical_end_value
2001,,2006,2.5,,2.1.1,,
2015,,2023,100,,7.1.1,,
2037,1.227028132,2023,71.3,37.3,17.8.1,2015,66.6812308
1978,,2023,8.3,6.1,3.2.1,2015,4.95
1982,,2023,4.2,2.6,3.2.2,2015,1.9
,1.25,2023,12.2,12.1,4.1.2,2015,12.18
,-0.1698538384,2022,7552.2,7728,8.1.1,2015,8838.41837
,0.25,2023,78.1,77.7,43.0.0,2015,79.3
,0.71875,2023,70.1,67.8,45.0.0,2015,71