reach_target_year,speed,end_year,end_value,start_value,indicator_sdg,start_year,typical_end_value
1990,,2023,100,,7.1.1,,
,,2017,68.1272,,17.8.1,,
,,2025,12.61961079,,4.1.2,,
,-0.9860373263,2022,17307.6,19362,8.1.1,2015,21597.69325
,0.1875,2023,76.8,76.5,43.0.0,2015,78.1