reach_target_year,speed,end_year,end_value,start_value,indicator_sdg,start_year,typical_end_value
2023,,2024,106.4643799,,4.1.2,,
1990,,2023,100,100,7.1.1,2015,
,,2017,81.0677,,17.8.1,,
,1.503046182,2022,79587.6,76379.4,8.1.1,2015,78546.02053