reach_target_year,speed,end_year,end_value,start_value,indicator_sdg,start_year,typical_end_value
1990,,2023,100,,7.1.1,,
,,2017,81.0677,,17.8.1,,
,0,2023,12.1,12.1,4.1.2,2015,12.18
,1.503046182,2022,79587.6,76379.4,8.1.1,2015,78546.02053
,1.4375,2023,80.4,78.1,43.0.0,2015,79.7