reach_target_year,speed,end_year,end_value,start_value,indicator_sdg,start_year,typical_end_value
2001,,2022,2.5,,2.1.1,,
,,2021,88,,3.8.1,,
,,2023,99.28373718,,4.1.2,,
,11.98148148,2024,76,72.9,8.5.1,2015,73.28
2000,,2022,99.9164119,,6.1.1,,
1990,,2023,100,100,7.1.1,2015,
2027,0.6916109179,2024,93.5,87.6,17.8.1,2015,95.20751674
,,2023,92.47083333,,17.18.1,,
1950,,2025,0.2,,1.1.1,,
,0.7532359665,2022,44180.4,41911.2,8.1.1,2015,44926.92924
,0,2020,0.6,0.6,10.1.1,2015,0.5