reach_target_year,speed,end_year,end_value,start_value,indicator_sdg,start_year,typical_end_value
2144,0.4563419118,2023,65.2,59.1,7.1.1,2015,71.87313725
2041,1.203379837,2024,65.3,22.9,17.8.1,2015,59.89367463
,0.7143589744,2024,38.1,24,17.18.1,2016,43.37662821
,,2017,8.3,,10.1.1,,
2056,1.578289175,2025,19.4,29.4,1.1.1,2015,22.555
,0.9249387255,2023,6.1,4.9,4.1.2,2015,6.190073529
,1.229166667,2023,66,62.8,43.0.0,2015,65.45
,2.25,2023,60,52.8,45.0.0,2015,56
,,2024,0.2490525339,,42.0.0,,
3377,0.1041666667,2024,47.1,45.9,6.1.1,2015,57.22943221
3756,0.1978124645,2024,58.6,57.1,6.1.1,2015,63.897427
,3.445294785,2022,0.668,0.483,47.0.0,2015,0.532