reach_target_year,speed,end_year,end_value,start_value,indicator_sdg,start_year,typical_end_value
,0.1312229437,2022,12.9,13.2,2.1.1,2015,11.11017309
,0.3125,2021,44,41,3.8.1,2015,50.48252886
,0.9615384615,2024,19.7,18.6,8.5.1,2015,19.745
2143,0.4559015455,2023,65.2,59.1,7.1.1,2015,71.86267832
2038,1.309143436,2023,65,22.9,17.8.1,2015,57.39595002
,0.9613589681,2023,41.6,24,17.18.1,2016,42.3303155
2057,1.857250729,2025,19.34,29.4,1.1.1,2015,23.70715741
,1.537092523,2022,2959.8,2376,8.1.1,2015,2741.184869
,,2017,8.3,,10.1.1,,