reach_target_year,speed,end_year,end_value,start_value,indicator_sdg,start_year,typical_end_value
2018,7.05947278,2023,100,96.7,7.1.1,2015,98.13661512
2039,0.8550748723,2024,82,65,17.8.1,2015,84.08644876
,,2024,40.70708333,,17.18.1,,
,3.5,2025,12.4,12,4.1.2,2015,12.15
,0.7039473684,2023,71.1,70,43.0.0,2015,71.54210526
,,2024,0.1942546415,,42.0.0,,
,0.2397619048,2022,2.13,2.089,47.0.0,2015,2.265043333