reach_target_year,speed,end_year,end_value,start_value,indicator_sdg,start_year,typical_end_value
,,2023,3.6,,2.1.1,,
2018,,2023,100,,7.1.1,,
2033,1.094591915,2023,83.8,65,17.8.1,2015,82.58229996
,,2024,40.70708333,,17.18.1,,
,-0.6449592075,2023,35.5,29.3,3.2.1,2015,21.82949495
,-1.25,2023,30.8,25.4,3.2.2,2015,21.4
,4.375,2023,12.4,12,4.1.2,2015,12.13
,0.2729471283,2022,8590.8,8282.4,8.1.1,2015,9461.612023
,0.6875,2023,71.1,70,43.0.0,2015,71.6