reach_target_year,speed,end_year,end_value,start_value,indicator_sdg,start_year,typical_end_value
1990,,2023,100,,7.1.1,,
2014,,2023,98.8,96.3,17.8.1,2015,98.43333333
,,2024,92.05041667,,17.18.1,,
,,2023,0.8,,10.1.1,,
1950,,2025,0.3,,1.1.1,,
,,2025,12.71422672,,4.1.2,,
,0.75,2023,81.9,80.7,43.0.0,2015,82.3
,,2023,96.1,,45.0.0,,
,,2024,0.09040357488,,42.0.0,,
2000,,2024,99.9,99.9,6.1.1,2015,
2017,,2024,99.99999979,,6.1.1,,
,-0.2803234501,2022,5.796,5.9,47.0.0,2015,6.280483229