reach_target_year,speed,end_year,end_value,start_value,indicator_sdg,start_year,typical_end_value
2001,,2022,2.5,,2.1.1,,
,0.6329793754,2021,82,80,3.8.1,2015,83.03290133
,,2023,99.25504303,,4.1.2,,
,,2024,78.602,,8.5.1,,
2016,,2022,99.91882919,,6.1.1,,
1990,,2023,100,100,7.1.1,2015,
2014,,2023,98.8,96.3,17.8.1,2015,98.59577637
,,2023,95.25583333,,17.18.1,,
1950,,2025,0.3,,1.1.1,,
,2.420927147,2022,60248.4,53094,8.1.1,2015,56085.13062
,-0.625,2023,0.8,0.7,10.1.1,2015,0.54