reach_target_year,speed,end_year,end_value,start_value,indicator_sdg,start_year,typical_end_value
2096,0.7368940093,2023,54.4,45.8,7.1.1,2015,57.85355816
,-1.666666667,2024,76.2,76.5,8.5.1,2015,76.68
2049,1.129532164,2020,14.3,1.1,17.8.1,2015,11.96666671
,0,2023,7.4,7.4,4.1.2,2015,8.295454545
,1.321188688,2023,68.6,65.9,43.0.0,2015,68.00070902
,1.25,2023,19,17,45.0.0,2015,18.6
,,2016,34.01401718,,61.1.0,,
,2.928571429,2022,0.129,0.088,47.0.0,2015,0.102