reach_target_year,speed,end_year,end_value,start_value,indicator_sdg,start_year,typical_end_value
2126,0.5972222222,2023,54.4,45.8,7.1.1,2015,60.02222222
2059,0.8698294628,2023,20,1.1,17.8.1,2015,24.57059268
2034,0.8819873142,2023,35.4,46.1,3.2.1,2015,34.17266807
2035,0.825,2023,16.4,19.7,3.2.2,2015,15.7
,0,2023,7.4,7.4,4.1.2,2015,8.295454545
,,2011,751.3748998,,8.1.1,,
,1.1875,2023,68.6,65.9,43.0.0,2015,68.3
,1.25,2023,19,17,45.0.0,2015,18.6