reach_target_year,speed,end_year,end_value,start_value,indicator_sdg,start_year,typical_end_value
,0,2021,45,45,3.8.1,2015,54.20593862
,-0.0637755102,2022,61.3,61.8,4.1.2,2015,69.64
,-2.222222222,2024,75.5,75.9,8.5.1,2015,76.08
2125,0.5993634079,2023,54.4,45.8,7.1.1,2015,59.99408866
2059,0.8721765321,2023,20,1.1,17.8.1,2015,24.53055839
,,2011,751.3748998,,8.1.1,,