reach_target_year,speed,end_year,end_value,start_value,indicator_sdg,start_year,typical_end_value
2126,0.5972222222,2023,54.4,45.8,7.1.1,2015,60.02222222
2049,1.132484715,2020,14.3,1.1,17.8.1,2015,11.91590188
,0,2023,7.4,7.4,4.1.2,2015,8.295454545
,1.208333333,2023,68.6,65.9,43.0.0,2015,68.26666667
,1.25,2023,19,17,45.0.0,2015,18.6
,,2016,34.01401718,,6.1.1,,
,2.928571429,2022,0.129,0.088,47.0.0,2015,0.102