reach_target_year,speed,end_year,end_value,start_value,indicator_sdg,start_year,typical_end_value
2046,2.269257469,2023,55.4,29,7.1.1,2015,40.98248022
,-12.34855731,2024,60.2,72.3,8.5.1,2015,72.84
2166,0.2209677597,2024,21.9,13.9,17.8.1,2015,52.31758167
,0.704950984,2024,61.7,51.3,17.18.1,2016,65.92629654
,-0.3253968254,2021,9.1,8.7,10.1.1,2015,7.59122807
,-1.149591201,2025,41.8,33.4,1.1.1,2015,26.11
,0.5587121212,2023,8.1,7.6,4.1.2,2015,8.462121212
,1.55755536,2023,67.3,63.6,43.0.0,2015,66.10036374
,1.44375,2023,73.4,68.3,45.0.0,2015,71.98
,2.857142857,2022,0.6,0.8,42.0.0,2015,0.73
2168,1.140971882,2024,21.2,14.1,61.1.0,2015,20.17921544
2332,1.121123262,2024,16.7,12.8,61.2.0,2015,16.22898025
2126,3.17468176,2024,70.1,51.4,61.3.0,2015,59.28977701
,2.142857143,2022,0.124,0.094,47.0.0,2015,0.108