reach_target_year,speed,end_year,end_value,start_value,indicator_sdg,start_year,typical_end_value
1990,,2023,100,,7.1.1,,
2027,0.8425355509,2024,93.7,86.4,17.8.1,2015,94.56459374
,,2024,90.37125,,17.18.1,,
,,2023,0.7,,10.1.1,,
1950,,2025,0.2,,1.1.1,,
,,2025,12.74551868,,4.1.2,,
,0.3125,2023,81.9,81.4,43.0.0,2015,82.8
,,2023,93.9,,45.0.0,,
,,2024,0.1405184374,,42.0.0,,
2000,,2024,99.6,99.6,6.1.1,2015,99.69
2014,,2024,99.9999967,,6.1.1,,
,-0.9012605042,2022,14.553,14.982,47.0.0,2015,15.45748529