reach_target_year,speed,end_year,end_value,start_value,indicator_sdg,start_year,typical_end_value
2001,,2022,2.5,,2.1.1,,
,,2021,86,,3.8.1,,
,,2023,98.9240799,,4.1.2,,
,,2024,79.425,,8.5.1,,
2014,,2022,99.6,99.6,6.1.1,2015,99.67
1990,,2023,100,100,7.1.1,2015,
2026,0.8945513137,2023,93.5,86.4,17.8.1,2015,94.06883936
,,2023,95.11541667,,17.18.1,,
1950,,2025,0.2,,1.1.1,,
,1.143430672,2022,46016.4,42560.4,8.1.1,2015,45581.51223
,-0.625,2023,0.7,0.6,10.1.1,2015,0.44