reach_target_year,speed,end_year,end_value,start_value,indicator_sdg,start_year,typical_end_value
1990,,2023,100,,7.1.1,,
2034,0.7794119399,2024,88.7,78,17.8.1,2015,90.75039965
,0.4272727273,2024,88.4,84.9,17.18.1,2016,90.2
,,2023,0.6,,10.1.1,,
1954,,2025,0.1,,1.1.1,,
,,2025,12.9309845,,4.1.2,,
,1.1875,2023,83.3,82.1,43.0.0,2015,83.15
,,2023,93,,45.0.0,,
,,2024,0.1063941785,,42.0.0,,
2000,,2024,99.99999748,,6.1.1,,
2017,6.481481481,2024,99.7,98.8,6.1.1,2015,99.01333333