reach_target_year,speed,end_year,end_value,start_value,indicator_sdg,start_year,typical_end_value
1990,,2023,100,,7.1.1,,
2016,,2017,97.58195894,,17.8.1,,
,0.5,2023,80.2,79.4,43.0.0,2015,81
2000,,2024,100,,6.1.1,,
,3.711861608,2022,7.818,6.297,47.0.0,2015,6.691197403