reach_target_year,speed,end_year,end_value,start_value,indicator_sdg,start_year,typical_end_value
,0.2112417517,2021,48,46,3.8.1,2015,55.10659136
,-0.5192196476,2023,87.4,90.3,4.1.2,2015,94.11358875
2047,1.56661293,2023,86.9,73,7.1.1,2015,82.72989076
2101,0.336014628,2020,39.4,31.5,17.8.1,2015,53.35875825
,0.6457366709,2023,36.5,24.8,17.18.1,2016,43.14993927
2458,0.1622077922,2025,24.7,25.6,1.1.1,2015,20.32320181
,0.04459176873,2022,2929.8,2911.2,8.1.1,2015,3357.604499
,,2013,8.7,,10.1.1,,