reach_target_year,speed,end_year,end_value,start_value,indicator_sdg,start_year,typical_end_value
1990,,2023,100,100,7.1.1,2015,
,,2016,94.44447158,,17.8.1,,
,,2025,12.56158352,,4.1.2,,
,,2024,83.63,,43.0.0,,
2000,,2024,100,,61.1.0,,
2000,,2024,100,,61.2.0,,
,-8.335788926,2022,5.768,9.249,47.0.0,2015,9.7074