reach_target_year,speed,end_year,end_value,start_value,indicator_sdg,start_year,typical_end_value
,0.5216194969,2021,46,41,3.8.1,2015,50.48252886
,,2015,32.63579941,,4.1.2,,
,-0.4697712418,2024,54.5,55.2,8.5.1,2015,56.64
2871,0.0630921105,2023,66.9,66.1,7.1.1,2015,77.52102306
2042,1.160639936,2023,60.4,21.3,17.8.1,2015,56.15996431
,,2023,35.06125,,17.18.1,,
,-1.068141061,2025,9.17,6.5,1.1.1,2015,4.646355988
,-3.635976699,2022,5524.2,9069,8.1.1,2015,10343.1519
,,2022,4.7,,10.1.1,,