reach_target_year,speed,end_year,end_value,start_value,indicator_sdg,start_year,typical_end_value
,-0.1833802333,2021,70,71,3.8.1,2015,75.81561962
,,2024,97.47271683,,4.1.2,,
,,2017,89.91768,,6.1.1,,
2053,0.7971211898,2023,94.4,91.4,7.1.1,2015,94.98954399
2041,0.9352176867,2023,74.1,52.5,17.8.1,2015,75.23560008
,,2023,47.06583333,,17.18.1,,
1998,,2025,0.77,1,1.1.1,2015,0.72
,0.5931293855,2022,9406.2,8694,8.1.1,2015,9923.278628
,,2018,2.4,,10.1.1,,