reach_target_year,speed,end_year,end_value,start_value,indicator_sdg,start_year,typical_end_value
1990,,2023,100,,7.1.1,,
,,2017,69.48246178,,17.8.1,,
,-0.0625,2023,70.1,70.2,43.0.0,2015,71.8
,0,2024,90,90,6.1.1,2015,92.22912854
,0.8196891264,2022,7.291,6.953,47.0.0,2015,7.366730567