reach_target_year,speed,end_year,end_value,start_value,indicator_sdg,start_year,typical_end_value
,,2024,93.99715378,,6.1.1,,
1990,,2023,100,,7.1.1,,
,,2017,80.5055,,17.8.1,,
,-0.1876612957,2022,34627.8,35166,8.1.1,2015,38075.05608
,0.5,2023,77.2,76.4,43.0.0,2015,78