reach_target_year,speed,end_year,end_value,start_value,indicator_sdg,start_year,typical_end_value
,3.630536131,2024,66.2,62.5,8.5.1,2015,63.59538462
2010,,2022,99.1,99.1,6.1.1,2015,99.22
1990,,2023,100,100,7.1.1,2015,
,,2017,80.5055,,17.8.1,,
,-0.1876612957,2022,34627.8,35166,8.1.1,2015,38075.05608