reach_target_year,speed,end_year,end_value,start_value,indicator_sdg,start_year,typical_end_value
1990,,2023,100,100,7.1.1,2015,
,1.588319088,2024,66.1,64.3,8.5.1,2015,65.46461538
2022,1.376900865,2024,95.8,84.9,17.8.1,2015,93.96228486
,,2025,12.57503605,,4.1.2,,
,,2024,85.634,,43.0.0,,
,-6.375,2023,81.2,90.6,45.0.0,2015,91.4
,,2024,0.08562242471,,42.0.0,,
2008,,2024,100,,61.1.0,,
2002,,2024,100,,61.2.0,,
,-0.2022019334,2022,6.501,6.581,47.0.0,2015,6.983754386