reach_target_year,speed,end_year,end_value,start_value,indicator_sdg,start_year,typical_end_value
2015,,2022,2.5,,2.1.1,,
,,2024,91.68031496,,4.1.2,,
,1.747474747,2024,66,64.3,8.5.1,2015,65.29
2008,,2022,100,,6.1.1,,
1990,,2023,100,100,7.1.1,2015,
2022,1.576124588,2023,96,84.9,17.8.1,2015,93.33952025
,0.2821539799,2022,43281.6,42432,8.1.1,2015,45452.11491