reach_target_year,speed,end_year,end_value,start_value,indicator_sdg,start_year,typical_end_value
,,2023,3.1,,2.1.1,,
2008,,2024,100,,6.1.1,,
1990,,2023,100,,7.1.1,,
2022,1.570543346,2023,96,84.9,17.8.1,2015,93.37162393
,,2025,12.57503605,,4.1.2,,
,0.2821539799,2022,43281.6,42432,8.1.1,2015,45452.11491
,1.75,2023,85.5,84.1,43.0.0,2015,84.9
,-5.916666667,2023,81.2,90.6,45.0.0,2015,91.4