reach_target_year,speed,end_year,end_value,start_value,indicator_sdg,start_year,typical_end_value
2020,,2024,99.91059649,,6.1.1,,
1990,,2023,100,,7.1.1,,
,0.8253168811,2022,86103.6,84753.6,8.1.1,2015,86378.74247
,0.4375,2023,81,80.3,43.0.0,2015,81.9