reach_target_year,speed,end_year,end_value,start_value,indicator_sdg,start_year,typical_end_value
2020,16.71428571,2022,99.7,97.3,6.1.1,2015,97.6
1990,,2023,100,100,7.1.1,2015,
,0.8253168811,2022,86103.6,84753.6,8.1.1,2015,86378.74247