reach_target_year,speed,end_year,end_value,start_value,indicator_sdg,start_year,typical_end_value
1990,,2023,100,,7.1.1,,
,0.4375,2023,81,80.3,43.0.0,2015,81.9
2020,,2024,100,,6.1.1,,
2016,,2024,99.91059649,,6.1.1,,
,-0.3060410334,2022,4.816,4.917,47.0.0,2015,5.257839286