reach_target_year,speed,end_year,end_value,start_value,indicator_sdg,start_year,typical_end_value
2001,,2022,2.5,,2.1.1,,
,,2021,89,,3.8.1,,
,,2023,98.62001801,,4.1.2,,
1998,,2024,83.974,,8.5.1,,
2017,,2022,100,,6.1.1,,
1990,,2023,100,100,7.1.1,2015,
2012,,2021,99.7,98.2,17.8.1,2015,99.20658589
,0.9850806495,2023,81.7,69.5,17.18.1,2016,81.84795821
1950,,2025,0.1,,1.1.1,,
,1.629162275,2022,57804.6,52951.8,8.1.1,2015,55944.79104
,,2019,0.6,,10.1.1,,