reach_target_year,speed,end_year,end_value,start_value,indicator_sdg,start_year,typical_end_value
,,2024,98.72702421,,6.1.1,,
1990,,2023,100,,7.1.1,,
,-0.4625534188,2023,87,91.1,17.8.1,2015,96.26190476
,,2024,90.99291667,,17.18.1,,
1965,,2023,2.4,,3.2.1,,
1968,,2023,0.8,,3.2.2,,
1970,,2025,1,0.4,1.1.1,2015,0.3
,,2025,12.98856068,,4.1.2,,
,0.4426748608,2022,36238.2,34960.8,8.1.1,2015,37865.12858
,,2020,1.2,,10.1.1,,
,1,2023,84.7,83.9,43.0.0,2015,84.7
,0.5729166667,2023,79.4,78,45.0.0,2015,80.425