reach_target_year,speed,end_year,end_value,start_value,indicator_sdg,start_year,typical_end_value
,3.87480575,2022,4.6,7.5,2.1.1,2015,6.509821429
,0.2445114116,2021,58,56,3.8.1,2015,63.61623066
,-0.2390166834,2023,87.6,89,4.1.2,2015,93.36190311
,,2024,78.784,,8.5.1,,
2244,1.350750025,2022,29.1,24.9,6.1.1,2015,27.99513742
2028,4.222545298,2023,95,62.7,7.1.1,2015,74.81981235
2036,1.68569216,2023,60.7,6.4,17.8.1,2015,39.38601877
,0.9813809156,2023,65,51.5,17.18.1,2016,65.2684872
,1.840867129,2022,2011.2,1547.4,8.1.1,2015,1783.864151