reach_target_year,speed,end_year,end_value,start_value,indicator_sdg,start_year,typical_end_value
2010,,2023,100,,7.1.1,,
2052,0.53305416,2023,76.4,66.2,17.8.1,2015,83.28340339
,,2024,42.65916667,,17.18.1,,
1999,,2023,16.3,19.4,3.2.1,2015,14.5952381
2017,0.59375,2023,10.3,12.2,3.2.2,2015,9.275
,,2025,12.95572853,,4.1.2,,
,0.3093055188,2022,21024.6,20328.6,8.1.1,2015,22628.73957
,0.5625,2023,72.1,71.2,43.0.0,2015,72.8