reach_target_year,speed,end_year,end_value,start_value,indicator_sdg,start_year,typical_end_value
2010,,2023,100,100,7.1.1,2015,
2055,0.5019888859,2024,76.9,66.2,17.8.1,2015,84.73487954
,,2024,42.65916667,,17.18.1,,
,,2025,12.95572853,,4.1.2,,
,0.6176900585,2023,72.1,71.2,43.0.0,2015,72.6477193
,,2024,0.2151751148,,42.0.0,,
,,2017,98.29621969,,61.1.0,,
,,2017,86.77843164,,61.3.0,,
,1.074421562,2022,5.138,4.778,47.0.0,2015,5.112473404