reach_target_year,speed,end_year,end_value,start_value,indicator_sdg,start_year,typical_end_value
2010,,2023,100,,7.1.1,,
2055,0.501852145,2024,76.9,66.2,17.8.1,2015,84.73235543
,,2024,42.65916667,,17.18.1,,
,,2025,12.95572853,,4.1.2,,
,0.5625,2023,72.1,71.2,43.0.0,2015,72.8
,,2024,0.2151751148,,42.0.0,,
,,2017,98.29621969,,6.1.1,,
,,2017,86.77843164,,6.1.1,,
,1.074421562,2022,5.138,4.778,47.0.0,2015,5.112473404