reach_target_year,speed,end_year,end_value,start_value,indicator_sdg,start_year,typical_end_value
2002,,2022,2.5,,2.1.1,,
,0.253749826,2021,78,77,3.8.1,2015,80.63592234
,-4.749477157,2021,80.4,95.3,4.1.2,2016,96.33619734
,-0.1851851852,2024,51,51.3,8.5.1,2015,52.88
2000,,2022,100,,6.1.1,,
1990,,2023,100,100,7.1.1,2015,
2017,5.473024304,2021,99.7,82,17.8.1,2015,90.02948213
,1.155429622,2023,62.4,45.5,17.18.1,2016,60.26116741
,-1.249029359,2022,26580,29882.4,8.1.1,2015,32640.27577