reach_target_year,speed,end_year,end_value,start_value,indicator_sdg,start_year,typical_end_value
1990,,2023,100,,7.1.1,,
2017,,2025,100,,17.8.1,,
,1.116968558,2024,63.4,45.5,17.18.1,2016,61.71565277
,-6.044642857,2023,9.8,11.8,4.1.2,2015,11.96
,0.75,2023,80.4,79.2,43.0.0,2015,80.8
,-0.4166666667,2023,40.1,41.1,45.0.0,2015,43.5
,0,2022,0.7,0.7,42.0.0,2015,0.63
2000,,2024,100,,6.1.1,,
2000,,2024,100,,6.1.1,,
2000,,2024,100,,6.1.1,,
,,2023,17.20381286,,47.0.0,,