reach_target_year,speed,end_year,end_value,start_value,indicator_sdg,start_year,typical_end_value
2008,,2023,100,99.7,7.1.1,2015,99.83
,-2.302631579,2023,25.4,28.8,8.5.1,2015,30.35263158
2061,0.3659429348,2024,80.6,74,17.8.1,2015,88.81554761
,1.490634856,2024,57.8,32.7,17.18.1,2016,51.50217771
,,2022,4.2,,10.1.1,,
,-1.244644353,2025,6.5,3.9,1.1.1,2015,2.5
,0.1111111111,2025,8.7,8.6,4.1.2,2015,9.384722222
,-0.3676470588,2023,77.8,78.3,43.0.0,2015,79.66
,1.75,2023,61.2,55.6,45.0.0,2015,58.8
,-1.25,2023,0.4,0.3,42.0.0,2015,
2197,0.4935315361,2024,89.6,88.2,61.1.0,2015,90.85241407
2956,0.2807172252,2024,47.7,47,61.2.0,2015,49.578763
2161,1.444444444,2024,89.6,88.2,61.3.0,2015,89.19
,-12.08236634,2022,0.676,1.935,47.0.0,2015,2.099652174