reach_target_year,speed,end_year,end_value,start_value,indicator_sdg,start_year,typical_end_value
,-2.28125,2023,16.5,10.7,2.1.1,2015,9.1
,-0.05357142857,2023,73.2,73.8,7.1.1,2015,83.30597736
,,2023,88.4989,,17.8.1,,
,0.4948325539,2024,34.8,23.4,17.18.1,2016,44.04870835
,,2023,30.8,13.3,3.2.1,2015,10.155
2006,,2023,5.7,7.1,3.2.2,2015,5.5
,-0.45735996,2022,7008,7458.6,8.1.1,2015,8535.02426
,-1.4375,2023,69.3,71.6,43.0.0,2015,73.2
,1.385416667,2023,46.4,42.8,45.0.0,2015,45.2