reach_target_year,speed,end_year,end_value,start_value,indicator_sdg,start_year,typical_end_value
,-2.360355199,2022,11.4,7.8,2.1.1,2015,6.748792017
,0.136845216,2021,62,61,3.8.1,2015,67.70837489
,,1983,90.07084656,,4.1.2,,
,-0.6432748538,2024,35.5,36.6,8.5.1,2015,38.31
,-0.05402293072,2023,73.2,73.8,7.1.1,2015,83.31123712
,,2023,88.4989,,17.8.1,,
,0.5358049581,2023,33.1,23.4,17.18.1,2016,41.72544654
,-0.45735996,2022,7008,7458.6,8.1.1,2015,8535.02426