reach_target_year,speed,end_year,end_value,start_value,indicator_sdg,start_year,typical_end_value
,-0.05357142857,2023,73.2,73.8,7.1.1,2015,83.30597736
2030,1.993927718,2024,82,25,17.8.1,2015,61.36631269
,0.5713301282,2024,34.8,23.4,17.18.1,2016,42.84585897
,-1.4375,2023,69.3,71.6,43.0.0,2015,73.2
,1.5,2023,46.4,42.8,45.0.0,2015,45.2
,-2.142857143,2022,1.2,0.9,42.0.0,2015,0.78
3379,0.1049185258,2024,45.5,44.3,6.1.1,2015,55.69395877
,-9.995609887,2024,74.4,87.6,6.1.1,2015,88.59833333
,-2.293710374,2022,4.836,5.631,47.0.0,2015,6.001394775