reach_target_year,speed,end_year,end_value,start_value,indicator_sdg,start_year,typical_end_value
,0.6862125574,2021,77,74,3.8.1,2015,78.22850469
,-0.5769025667,2023,91.1,93.1,4.1.2,2016,95.41205462
,0.7936507937,2024,70.6,70.1,8.5.1,2015,70.73
2015,5.011904762,2023,100,99,7.1.1,2015,99.44952381
2056,0.5544244445,2023,70.1,57.3,17.8.1,2015,78.01001869
,0.6527702286,2023,64.8,55.9,17.18.1,2016,69.81507091
1978,,2025,0.0226,,1.1.1,,
,0.6383276021,2022,11224.2,10335,8.1.1,2015,11755.42621
,,2015,1.5,,10.1.1,,