reach_target_year,speed,end_year,end_value,start_value,indicator_sdg,start_year,typical_end_value
,,2021,88.94117737,,4.1.2,,
2000,,2022,100,,6.1.1,,
1990,,2023,100,100,7.1.1,2015,
2021,,2023,97.3,96.6,17.8.1,2015,98.72621612
2015,,2015,167187.1573,,8.1.1,,