reach_target_year,speed,end_year,end_value,start_value,indicator_sdg,start_year,typical_end_value
1990,,2023,100,100,7.1.1,2015,
,2.592592593,2024,73.7,72.4,8.5.1,2015,72.94
2031,0.9118716636,2024,89.8,77.6,17.8.1,2015,90.59210879
,-2.333333333,2025,11.2,11.8,4.1.2,2015,12
,,2024,83.228,,43.0.0,,
,,2024,0.01479205618,,42.0.0,,
2000,,2024,100,,61.1.0,,
2000,,2024,100,,61.2.0,,
2000,,2024,100,,61.3.0,,
,-0.7028782957,2022,7.722,8.025,47.0.0,2015,8.4635