reach_target_year,speed,end_year,end_value,start_value,indicator_sdg,start_year,typical_end_value
,-3.895833333,2023,11.2,6.2,2.1.1,2015,5.4
2000,,2024,100,,6.1.1,,
1990,,2023,100,,7.1.1,,
2031,0.9436446525,2023,89.2,77.6,17.8.1,2015,89.69592706
,-2.916666667,2023,11.1,11.8,4.1.2,2015,11.96
,-12.3712777,2022,34122,70070.4,8.1.1,2015,72560.78438
,0.25,2023,83.1,82.9,43.0.0,2015,83.7