reach_target_year,speed,end_year,end_value,start_value,indicator_sdg,start_year,typical_end_value
1990,,2023,100,,7.1.1,,
2032,0.9147654752,2024,89.8,77.6,17.8.1,2015,90.56711072
,-2.916666667,2023,11.1,11.8,4.1.2,2015,11.96
,0.25,2023,83.1,82.9,43.0.0,2015,83.7
,,2024,0.01479205618,,42.0.0,,
2000,,2024,100,,6.1.1,,
2000,,2024,100,,6.1.1,,
2000,,2024,100,,6.1.1,,
,-0.7028782957,2022,7.722,8.025,47.0.0,2015,8.4635