reach_target_year,speed,end_year,end_value,start_value,indicator_sdg,start_year,typical_end_value
1990,,2023,100,,7.1.1,,
,0.25,2023,80.2,79.8,43.0.0,2015,81.4
2006,,2024,99.9,99.7,6.1.1,2015,99.79
,-0.1587301587,2024,96.6,96.7,6.1.1,2015,97.26857143
,2.679999896,2022,6.503,5.494,47.0.0,2015,5.859047888