reach_target_year,speed,end_year,end_value,start_value,indicator_sdg,start_year,typical_end_value
,,2021,86,,3.8.1,,
1991,,2024,135,,4.1.2,,
2000,,2022,100,,6.1.1,,
1990,,2023,100,100,7.1.1,2015,
2020,2.047229989,2023,99.1,93.4,17.8.1,2015,97.32891509
1982,,2023,224582.4498,,8.1.1,,