reach_target_year,speed,end_year,end_value,start_value,indicator_sdg,start_year,typical_end_value
1990,,2023,100,100,7.1.1,2015,
2016,1.973517005,2024,99,93.4,17.8.1,2015,97.45307263
,,2025,12.65988445,,4.1.2,,
,,2024,86.497,,43.0.0,,
2000,,2024,100,,61.1.0,,
2000,,2024,100,,61.2.0,,