reach_target_year,speed,end_year,end_value,start_value,indicator_sdg,start_year,typical_end_value
1990,,2023,100,,7.1.1,,
2016,2.035714286,2024,99,93.4,17.8.1,2015,97.45357143
,,2025,12.65988445,,4.1.2,,
,0.5714285714,2022,85.7,85.3,43.0.0,2015,86
2000,,2024,100,,6.1.1,,
2000,,2024,100,,6.1.1,,