reach_target_year,speed,end_year,end_value,start_value,indicator_sdg,start_year,typical_end_value
,-0.4221890829,2021,61,64,3.8.1,2015,70.15057839
,-0.2143784099,2023,94.6,95.1,4.1.2,2015,96.6809253
,1.169590643,2024,43.1,41.1,8.5.1,2015,42.81
2009,,2023,100,99.8,7.1.1,2015,99.88
2030,1.586322735,2023,84.7,54.5,17.8.1,2015,76.38404708
,1.111187889,2023,65.3,49.8,17.18.1,2016,63.70589021
1989,,2025,0,,1.1.1,,
,0.9668181255,2022,10939.8,9645,8.1.1,2015,10986.69875
,,2019,2.1,,10.1.1,,