reach_target_year,speed,end_year,end_value,start_value,indicator_sdg,start_year,typical_end_value
,-0.1297099347,2021,59,60,3.8.1,2015,66.8926375
,,2024,98.47991273,,4.1.2,,
2021,8.644986792,2023,100,92.1,7.1.1,2015,95.41589856
2037,1.44367676,2023,65.7,19.3,17.8.1,2015,54.52097916
,1.315606161,2023,41,14.6,17.18.1,2016,35.11464305
2018,4.211982462,2025,1,4.3,1.1.1,2015,3.041688645
,2.714370451,2022,5517,3764.4,8.1.1,2015,4337.177009
,,2019,3.3,,10.1.1,,