reach_target_year,speed,end_year,end_value,start_value,indicator_sdg,start_year,typical_end_value
,0.2222222222,2024,81.5,81.1,6.1.1,2015,82.9
1990,,2023,100,,7.1.1,,
,,1990,0,,17.8.1,,
,0.8549959978,2022,19461.6,17665.2,8.1.1,2015,19777.51072
,0.875,2023,78.8,77.4,43.0.0,2015,79