reach_target_year,speed,end_year,end_value,start_value,indicator_sdg,start_year,typical_end_value
2144,1.078781513,2022,90.6,89.4,6.1.1,2015,90.51727941
1990,,2023,100,100,7.1.1,2015,
,,1990,0,,17.8.1,,
,0.8549959978,2022,19461.6,17665.2,8.1.1,2015,19777.51072