reach_target_year,speed,end_year,end_value,start_value,indicator_sdg,start_year,typical_end_value
2108,0.7504084967,2023,50.3,39.5,7.1.1,2015,53.89411765
2061,0.7085277896,2024,45.8,17.6,17.8.1,2015,55.74732884
,1.033201829,2024,58.4,40.9,17.18.1,2016,57.8953322
,,2019,5.5,,10.1.1,,
2129,0.2782640466,2025,10,11.1,1.1.1,2015,7.385
,-0.2083333333,2023,7.3,7.5,4.1.2,2015,8.378787879
,0.8958333333,2023,68.5,66.5,43.0.0,2015,68.66666667
,0.5,2023,66.3,64.3,45.0.0,2015,68.3
,0,2022,0.6,0.6,42.0.0,2015,0.53
2104,1.616879659,2024,61.1,43,6.1.1,2015,54.42787035
2466,0.8366103071,2024,37,32.9,6.1.1,2015,37.86517985
,3.05,2022,0.383,0.283,47.0.0,2015,0.31125