reach_target_year,speed,end_year,end_value,start_value,indicator_sdg,start_year,typical_end_value
1990,,2023,100,100,7.1.1,2015,
,-4.027777778,2024,60.1,65.3,8.5.1,2015,66.38769231
,,2017,82.0058408,,17.8.1,,
,1.176470588,2023,78.8,77.2,43.0.0,2015,78.56
2020,8.429613596,2024,99.5,95.8,61.1.0,2015,96.71272727
2050,1.981922399,2024,96.9,95.5,61.2.0,2015,96.26444444
,1.52238806,2022,10.965,10.251,47.0.0,2015,10.72