reach_target_year,speed,end_year,end_value,start_value,indicator_sdg,start_year,typical_end_value
,3.4375,2023,4.9,7.8,2.1.1,2015,6.85
,1.555555556,2024,96.9,95.5,6.1.1,2015,96.4
1990,,2023,100,,7.1.1,,
,,2017,82.0058,,17.8.1,,
,,2015,30858.72371,,8.1.1,,
,1,2023,78.8,77.2,43.0.0,2015,78.8