reach_target_year,speed,end_year,end_value,start_value,indicator_sdg,start_year,typical_end_value
2001,,2022,2.5,,2.1.1,,
,0.4233498458,2021,85,84,3.8.1,2015,85
2021,,2024,82.191,,8.5.1,,
2000,,2022,99.96789119,,6.1.1,,
1990,,2023,100,100,7.1.1,2015,
2023,1.145714044,2023,97,91.7,17.8.1,2015,96.56076154
,,2023,94.3225,,17.18.1,,
1974,,2025,0.1,,1.1.1,,
,1.973108288,2022,51777.6,45793.8,8.1.1,2015,48829.12869
2020,0.8333333333,2021,0.5,0.6,10.1.1,2015,0.48