reach_target_year,speed,end_year,end_value,start_value,indicator_sdg,start_year,typical_end_value
2001,,2022,2.5,,2.1.1,,
,,2021,87,,3.8.1,,
,,2023,98.92648315,,4.1.2,,
,,2024,78.148,,8.5.1,,
,,2022,98.8,99.2,6.1.1,2015,99.27
1990,,2023,100,100,7.1.1,2015,
2021,,2023,99,96.8,17.8.1,2015,98.81368725
,,2023,93.55666667,,17.18.1,,
1950,,2025,0.2,,1.1.1,,
,2.209346096,2022,79620,74809.8,8.1.1,2015,77063.79391
,-0.625,2023,0.6,0.5,10.1.1,2015,0.37