reach_target_year,speed,end_year,end_value,start_value,indicator_sdg,start_year,typical_end_value
2001,,2023,2.5,,2.1.1,,
2000,,2024,99.06248306,,6.1.1,,
1990,,2023,100,,7.1.1,,
2021,,2023,99,96.8,17.8.1,2015,98.8
,,2024,94.14333333,,17.18.1,,
1960,,2023,2.4,,3.2.1,,
1960,,2023,1.3,,3.2.2,,
1950,,2025,0.2,,1.1.1,,
,,2025,12.75822067,,4.1.2,,
,2.209346096,2022,79620,74809.8,8.1.1,2015,77063.79391
,,2023,0.6,,10.1.1,,
,0.9375,2023,83.3,82.3,43.0.0,2015,83.35
,,2023,89.2,,45.0.0,,