reach_target_year,speed,end_year,end_value,start_value,indicator_sdg,start_year,typical_end_value
,0.3798176634,2021,60,57,3.8.1,2015,64.43854615
2023,,2024,101.5923533,,4.1.2,,
1991,5.011904762,2023,100,99,7.1.1,2015,99.44952381
,,2020,81.6554,,17.8.1,,
,,2023,42.1525,,17.18.1,,
2026,2.128224074,2025,3.2,6.6,1.1.1,2015,4.719429581
,0.6963786466,2022,8460.6,7703.4,8.1.1,2015,8810.729213
,,2012,5,,10.1.1,,