reach_target_year,speed,end_year,end_value,start_value,indicator_sdg,start_year,typical_end_value
1990,,2023,100,,7.1.1,,
2027,0.9078591162,2024,93.5,85.2,17.8.1,2015,94.04041792
,1.314646465,2022,87.9,79,17.18.1,2016,86.01212121
,,2025,12.67598534,,4.1.2,,
,0.3125,2023,82.1,81.6,43.0.0,2015,82.9
,,2023,95.1,,45.0.0,,
,,2024,0.3336795257,,42.0.0,,
2000,,2024,100,,6.1.1,,
2020,,2024,100,,6.1.1,,
,-1.947613597,2022,8.473,9.35,47.0.0,2015,9.809953846