reach_target_year,speed,end_year,end_value,start_value,indicator_sdg,start_year,typical_end_value
2001,,2022,2.5,,2.1.1,,
,0,2021,85,85,3.8.1,2015,
,,2024,79.745,,8.5.1,,
2020,,2022,100,,6.1.1,,
1990,,2023,100,100,7.1.1,2015,
2020,1.606448568,2023,96.2,85.2,17.8.1,2015,93.48520426
,1.242738639,2022,88.3,79,17.18.1,2016,86.85698255
,1.341781085,2022,42667.8,38665.2,8.1.1,2015,41641.23797