reach_target_year,speed,end_year,end_value,start_value,indicator_sdg,start_year,typical_end_value
2001,,2023,2.5,,2.1.1,,
2020,,2024,100,,6.1.1,,
1990,,2023,100,,7.1.1,,
2020,1.608043346,2023,96.2,85.2,17.8.1,2015,93.51162393
,1.288456913,2022,87.9,79,17.18.1,2016,86.2470363
1963,,2023,4.7,5.6,3.2.1,2015,4.7
1968,,2023,2.7,3.2,3.2.2,2015,2.4
,,2025,12.67598534,,4.1.2,,
,1.341781085,2022,42667.8,38665.2,8.1.1,2015,41641.23797
,0.3125,2023,82.1,81.6,43.0.0,2015,83
,,2023,95.1,,45.0.0,,