reach_target_year,speed,end_year,end_value,start_value,indicator_sdg,start_year,typical_end_value
1990,,2023,100,100,7.1.1,2015,
,0.3333333333,2024,31.7,31.1,8.5.1,2015,32.905
2020,1.947279226,2024,95.3,73.5,17.8.1,2015,88.56426535
,1.075504396,2024,59.2,41.2,17.18.1,2016,58.05185382
,-4.791666667,2023,11.1,12.1,4.1.2,2015,12.18
,0.5147058824,2023,80,79.3,43.0.0,2015,80.65058824
,-0.1666666667,2023,37.1,37.5,45.0.0,2015,39.9
,0,2022,0.6,0.6,42.0.0,2015,0.53
2106,0.9755349149,2024,91.1,88.6,61.1.0,2015,91.15504644
2020,13.29365079,2024,99.8,96.4,61.2.0,2015,97.01142857
,3.293147155,2022,9.119,7.667,47.0.0,2015,8.09804918