reach_target_year,speed,end_year,end_value,start_value,indicator_sdg,start_year,typical_end_value
,1.730531373,2022,5.7,7.2,2.1.1,2015,6.266373626
,0.1763875844,2021,70,69,3.8.1,2015,74.20228152
,,2022,86.59045817,,4.1.2,,
,0.6790123457,2024,32.2,31.1,8.5.1,2015,32.72
2086,2.022759104,2022,90.9,88.6,6.1.1,2015,89.7945098
1990,,2023,100,100,7.1.1,2015,
2020,1.925788727,2024,95.3,73.5,17.8.1,2015,88.60519998
,1.075085805,2023,58.2,41.2,17.18.1,2016,57.2086962
,-0.007358897944,2022,18792.6,18808.2,8.1.1,2015,21005.09196