reach_target_year,speed,end_year,end_value,start_value,indicator_sdg,start_year,typical_end_value
2039,1.3375,2023,95.6,91,7.1.1,2015,94.75333333
2042,1.24887922,2024,57.3,11,17.8.1,2015,49.19711765
,0.7768914474,2024,68.1,56.9,17.18.1,2016,70.95578947
,-0.4444444444,2024,7.2,6.6,10.1.1,2015,5.7
,-0.779615279,2025,22.8,18.2,1.1.1,2015,12.87
,1.194444444,2023,9.1,8.2,4.1.2,2015,8.96
,0.8333333333,2023,67.6,65.6,43.0.0,2015,68
,-1.28125,2023,56.4,60.5,45.0.0,2015,63.725
,0,2022,0.4,0.4,42.0.0,2015,
,-0.8834141655,2024,68.8,75.6,6.1.1,2015,81.39424273
2819,0.3418803419,2024,45,44.2,6.1.1,2015,46.58
2259,1.095238095,2024,82.3,80.9,6.1.1,2015,82.18
,0.7142857143,2022,0.525,0.49,47.0.0,2015,0.539