reach_target_year,speed,end_year,end_value,start_value,indicator_sdg,start_year,typical_end_value
,5,2024,90.8,81.8,6.1.1,2015,83.6
2013,,2023,100,,7.1.1,,
,,2004,26.9703,,17.8.1,,
,,2024,60.95416667,,17.18.1,,
2002,,2023,22.3,21.4,3.2.1,2015,16.04285714
2022,,2023,11.7,11.4,3.2.2,2015,8.675
,8.098214286,2023,12.1,9.7,4.1.2,2015,10.22285714
,-2.092412657,2022,12129.6,15690.6,8.1.1,2015,17642.17202
,0.125,2023,69.3,69.1,43.0.0,2015,70.7