reach_target_year,speed,end_year,end_value,start_value,indicator_sdg,start_year,typical_end_value
,0,2021,65,65,3.8.1,2015,70.96150324
,,2023,93.82716049,,4.1.2,,
2044,5.958141258,2022,90.4,81.8,6.1.1,2015,83.58123077
2013,,2023,100,99.5,7.1.1,2015,99.74333333
,,2004,26.9703,,17.8.1,,
,,2023,55.06541667,,17.18.1,,
,-2.092412657,2022,12129.6,15690.6,8.1.1,2015,17642.17202