reach_target_year,speed,end_year,end_value,start_value,indicator_sdg,start_year,typical_end_value
2415,0.2078509909,2023,20.5,18.4,7.1.1,2015,29.64260454
,0.9947089947,2024,51.5,49.7,8.5.1,2015,51.50952381
2117,0.3443944283,2024,18.8,7.9,17.8.1,2015,44.96887426
,0.8011133086,2024,43.6,27,17.18.1,2016,47.31499358
,,2009,13.5,,10.1.1,,
2263,0.3561643836,2025,43.4,46,1.1.1,2015,38.34
,-1.696428571,2025,8.7,9.9,4.1.2,2015,10.43333333
,0.6622011395,2023,66.1,64.5,43.0.0,2015,66.84035982
,0.625,2023,48.8,47.3,45.0.0,2015,49.7
,0,2024,0.3,0.3,42.0.0,2015,
2138,1.280650297,2024,40.1,27,61.1.0,2015,37.00559126
2321,1.277578861,2024,31.7,24.3,61.3.0,2015,30.28682212
,0.1360544218,2022,0.477,0.471,47.0.0,2015,0.5193333333