reach_target_year,speed,end_year,end_value,start_value,indicator_sdg,start_year,typical_end_value
1990,,2023,100,100,7.1.1,2015,
,5.082010582,2024,50,40.2,8.5.1,2015,42.18
2027,1.692179767,2022,87.3,63.5,17.8.1,2015,79.84973203
,-2.5,2023,10.9,11.6,4.1.2,2015,11.79333333
,0.8812957875,2023,81.7,80.7,43.0.0,2015,81.80445971
2016,,2024,100,,61.1.0,,
,,2024,98.9,99.4,61.2.0,2015,99.49
2017,,2024,100,,61.3.0,,
,,2016,5.719319403,,47.0.0,,