reach_target_year,speed,end_year,end_value,start_value,indicator_sdg,start_year,typical_end_value
,,2024,98.94026184,,6.1.1,,
1990,,2023,100,,7.1.1,,
2027,1.679578277,2022,87.3,63.5,17.8.1,2015,79.90624307
,-2.5,2023,10.9,11.6,4.1.2,2015,11.79333333
,0.1490291252,2022,29643.6,29242.2,8.1.1,2015,31977.47851
,0.625,2023,81.7,80.7,43.0.0,2015,82.3