reach_target_year,speed,end_year,end_value,start_value,indicator_sdg,start_year,typical_end_value
1990,,2023,100,,7.1.1,,
2027,1.693276979,2022,87.3,63.5,17.8.1,2015,79.85395861
,-2.5,2023,10.9,11.6,4.1.2,2015,11.79333333
,0.625,2023,81.7,80.7,43.0.0,2015,82.3
2016,,2024,100,,6.1.1,,
,,2024,98.9,99.4,6.1.1,2015,99.49
2017,,2024,100,,6.1.1,,
,,2016,5.719319403,,47.0.0,,