reach_target_year,speed,end_year,end_value,start_value,indicator_sdg,start_year,typical_end_value
,,2018,47,,2.1.1,,
,-0.1666666667,2023,66.6,67,6.1.1,2015,69.4
2072,1.217320261,2023,57.5,40,7.1.1,2015,54.4
,,2012,0,,17.8.1,,
2013,,2023,18,21.4,3.2.1,2015,16.04285714
2015,,2023,9.6,11.4,3.2.2,2015,8.675
,0.5,2023,73.6,72.8,43.0.0,2015,74.4
,0.9375,2023,29.9,27.9,45.0.0,2015,30.05