reach_target_year,speed,end_year,end_value,start_value,indicator_sdg,start_year,typical_end_value
2072,1.217320261,2023,57.5,40,7.1.1,2015,54.4
,,2004,0,,17.8.1,,
,0.5,2023,73.6,72.8,43.0.0,2015,74.4
,0.8333333333,2023,29.9,27.9,45.0.0,2015,30.3
,-0.1627869937,2023,74.5,75.5,6.1.1,2015,80.75702688
,-0.1,2023,73.8,74,6.1.1,2015,76
,-2.410714286,2023,93.3,94.6,6.1.1,2015,95.08
,3.072727273,2022,0.89,0.674,47.0.0,2015,0.738