reach_target_year,speed,end_year,end_value,start_value,indicator_sdg,start_year,typical_end_value
,,2018,45.3,,2.1.1,,
,3.101330789,2021,68,43,3.8.1,2015,52.36987198
,,2009,97.08860779,,4.1.2,,
1990,,2024,86.98,,8.5.1,,
,-0.1742160279,2022,66.5,67,6.1.1,2015,69.76565041
2071,1.227373697,2023,57.5,40,7.1.1,2015,54.29806928
,,2012,0,,17.8.1,,