reach_target_year,speed,end_year,end_value,start_value,indicator_sdg,start_year,typical_end_value
,-3.09683229,2023,91.2,97.4,4.1.2,2015,97.81214286
,1.318681319,2022,20.1,18.9,8.5.1,2015,19.81
2191,1.066127897,2022,80.3,78.1,6.1.1,2015,80.17038932
2008,,2023,100,99.9,7.1.1,2015,99.98
2029,1.677837054,2023,86.6,56.7,17.8.1,2015,77.65992021
,1.577978263,2023,80.7,62.8,17.18.1,2017,74.89092994
,,2025,4.9,1.3,1.1.1,2015,0.9325
,-0.3790275658,2022,3100.2,3272.4,8.1.1,2015,3772.768565
,-0.2040816327,2023,2.9,2.8,10.1.1,2016,2.351428571