reach_target_year,speed,end_year,end_value,start_value,indicator_sdg,start_year,typical_end_value
1990,,2023,100,100,7.1.1,2015,
,0.1169590643,2024,54.2,54,8.5.1,2015,55.69894737
,,2017,72.70389531,,17.8.1,,
,,2024,84.192,,43.0.0,,
2043,1.037037037,2024,98.3,97.8,61.1.0,2015,98.28333333
,0,2024,90.4,90.4,61.2.0,2015,91.84080882
,-0.03571428571,2022,2.426,2.433,47.0.0,2015,2.632881773