reach_target_year,speed,end_year,end_value,start_value,indicator_sdg,start_year,typical_end_value
,,2023,3.8,,2.1.1,,
,0,2024,90.4,90.4,6.1.1,2015,92.2
1990,,2023,100,,7.1.1,,
,,2017,72.7039,,17.8.1,,
,0.8383003599,2022,21019.8,19167,8.1.1,2015,21389.19005
,1.9375,2023,84.1,82.3,43.0.0,2015,83.35