reach_target_year,speed,end_year,end_value,start_value,indicator_sdg,start_year,typical_end_value
2015,,2023,2.5,,2.1.1,,
1990,,2023,100,,7.1.1,,
2019,5.161885525,2020,97.9,69.6,17.8.1,2015,80.38370739
,2.960947352,2024,83.3,42.7,17.18.1,2016,58.2006015
1998,,2023,6.2,9,3.2.1,2015,7.033333333
2000,,2023,3,4.5,3.2.2,2015,3.7
,2.5,2023,12.4,12.2,4.1.2,2015,12.28
,1.382832947,2022,26707.2,23256,8.1.1,2015,25727.99982
,0.5625,2023,78.7,77.8,43.0.0,2015,79.4
,4.5625,2023,32.9,24.1,45.0.0,2015,25.7