reach_target_year,speed,end_year,end_value,start_value,indicator_sdg,start_year,typical_end_value
,5.261904762,2022,3,4.2,2.1.1,2015,3.86
,0.5970096348,2021,74,71,3.8.1,2015,75.81561962
,,2024,99.36142711,,4.1.2,,
,8.624899667,2024,35.8,22.5,8.5.1,2015,23.85
1990,,2023,100,100,7.1.1,2015,
2019,5.178834323,2020,97.9,69.6,17.8.1,2015,80.34549274
,2.870446463,2023,81.5,40.7,17.18.1,2016,56.86054806
,1.382832947,2022,26707.2,23256,8.1.1,2015,25727.99982