reach_target_year,speed,end_year,end_value,start_value,indicator_sdg,start_year,typical_end_value
,,2021,89,,3.8.1,,
,,2023,96.84656298,,4.1.2,,
,4.735449735,2024,70.6,67.2,8.5.1,2015,68.01
2000,,2022,100,,6.1.1,,
1990,,2023,100,100,7.1.1,2015,
2025,1.456635104,2024,94.4,79,17.8.1,2015,91.3107239
,2.163423462,2023,88.8,65.3,17.18.1,2016,78.76931466
,4.452459146,2022,68218.8,55645.8,8.1.1,2015,58596.85988