reach_target_year,speed,end_year,end_value,start_value,indicator_sdg,start_year,typical_end_value
1990,,2023,100,,7.1.1,,
2025,1.482251319,2024,94.4,79,17.8.1,2015,91.2169786
,2.172884224,2024,88.3,65.3,17.18.1,2016,77.5762465
,,2025,12.95198822,,4.1.2,,
,1.25,2023,83.7,82.7,43.0.0,2015,83.5
,-0.9166666667,2023,78.3,80.7,45.0.0,2015,83.1
,,2024,0.1231251901,,42.0.0,,
2000,,2024,100,,6.1.1,,
2000,,2024,100,,6.1.1,,
,2.201132201,2022,10.109,9.098,47.0.0,2015,9.554076923