reach_target_year,speed,end_year,end_value,start_value,indicator_sdg,start_year,typical_end_value
2000,,2024,100,,6.1.1,,
1990,,2023,100,,7.1.1,,
2025,1.449879354,2024,94.4,79,17.8.1,2015,91.36669152
,2.07430983,2024,88.3,65.3,17.18.1,2016,78.4129902
1972,,2023,2.1,,3.2.1,,
1974,,2023,0.9,,3.2.2,,
,,2025,12.95198822,,4.1.2,,
,4.452459146,2022,68218.8,55645.8,8.1.1,2015,58596.85988
,1.1875,2023,83.7,82.7,43.0.0,2015,83.55
,-1,2023,78.3,80.7,45.0.0,2015,83.1