reach_target_year,speed,end_year,end_value,start_value,indicator_sdg,start_year,typical_end_value
2000,,2024,99.99999618,,6.1.1,,
1990,,2023,100,,7.1.1,,
2027,2.103570243,2023,87,60.2,17.8.1,2017,75.72946888
1985,,2023,1.4,,3.2.1,,
1989,,2023,0.6,,3.2.2,,
,0,2023,10.5,10.5,4.1.2,2015,10.88
,2.68294164,2022,51277.2,43146.6,8.1.1,2015,46171.84437
,1.375,2023,85.7,84.6,43.0.0,2015,85.4