reach_target_year,speed,end_year,end_value,start_value,indicator_sdg,start_year,typical_end_value
1990,,2023,100,,7.1.1,,
2022,3.725955458,2024,97.4,55,17.8.1,2016,76.59218245
,0,2023,10.5,10.5,4.1.2,2015,10.88
,1.375,2023,85.7,84.6,43.0.0,2015,85.4
,,2023,0.08063785906,,42.0.0,,
2000,,2024,99.99999618,,6.1.1,,
2000,,2024,99.99999618,,6.1.1,,
2000,,2024,99.99999618,,6.1.1,,