reach_target_year,speed,end_year,end_value,start_value,indicator_sdg,start_year,typical_end_value
,-0.5226650038,2021,77,79,3.8.1,2015,82.2368436
,0.8796538719,2023,96.1,95.1,4.1.2,2018,96.20784976
2000,,2022,100,,6.1.1,,
1990,,2023,100,100,7.1.1,2015,
2027,2.110723453,2023,87,60.2,17.8.1,2017,75.73405152
,2.68294164,2022,51277.2,43146.6,8.1.1,2015,46171.84437