reach_target_year,speed,end_year,end_value,start_value,indicator_sdg,start_year,typical_end_value
,-0.0625,2023,50.3,51.2,7.1.1,2015,65.02679739
2057,0.9033314389,2024,27.9,1.8,17.8.1,2015,31.90207843
,2.248631453,2024,51.7,19.7,17.18.1,2018,29.94002849
,0.925,2023,58.8,55.1,43.0.0,2015,59.06
,5.645833333,2023,39.6,26.5,45.0.0,2015,28.45
,1.30952381,2022,1.4,1.7,42.0.0,2015,1.465
2102,1.761724524,2024,51,31.5,6.1.1,2015,42.26882293
2347,1.081982911,2024,52.2,43.7,6.1.1,2015,51.52855996
,,2023,0.03256236922,,47.0.0,,