reach_target_year,speed,end_year,end_value,start_value,indicator_sdg,start_year,typical_end_value
,0.8777375221,2022,51.3,60,2.1.1,2015,50.17829741
,0.8453456123,2021,27,21,3.8.1,2015,28.23786099
,0,2024,21.7,21.7,8.5.1,2015,23.00714286
,-0.06273277467,2023,50.3,51.2,7.1.1,2015,64.99876211
2048,1.131108359,2022,27.6,1.8,17.8.1,2015,23.39140887
,2.271416623,2023,49.7,19.7,17.18.1,2018,31.34819147
,,2024,467.0871762,,8.1.1,,