reach_target_year,speed,end_year,end_value,start_value,indicator_sdg,start_year,typical_end_value
,0.7046703297,2023,53.2,60.7,2.1.1,2015,50.34945055
,-0.0625,2023,50.3,51.2,7.1.1,2015,65.02679739
2048,1.13322386,2022,27.6,1.8,17.8.1,2015,23.35127449
,2.153312706,2024,51.7,19.7,17.18.1,2018,34.82050426
2064,0.9572803945,2023,104,133.6,3.2.1,2015,102.803851
2072,0.9107142857,2023,34.9,40.3,3.2.2,2015,34.4
,,2024,467.0871762,,8.1.1,,
,0.925,2023,58.8,55.1,43.0.0,2015,59.04
,5.854166667,2023,39.6,26.5,45.0.0,2015,28.1