reach_target_year,speed,end_year,end_value,start_value,indicator_sdg,start_year,typical_end_value
,,2022,19.6,,2.1.1,,
,0.8219819596,2021,34,27,3.8.1,2015,35.63106626
,,2011,28.66412926,,4.1.2,,
,-1.1875,2023,72.9,73.3,8.5.1,2015,73.62
2801,0.125388438,2023,5.4,4.8,7.1.1,2015,10.60759288
2087,0.5071729579,2020,9.3,3,17.8.1,2015,18.46668031
,-0.1614613968,2023,27.5,30.4,17.18.1,2016,48.76812792
,-4.193271042,2025,90.8,71.3,1.1.1,2015,65.03844045
,,2015,1080.147186,,8.1.1,,
,,2016,23,,10.1.1,,