reach_target_year,speed,end_year,end_value,start_value,indicator_sdg,start_year,typical_end_value
2056,1.309728825,2023,81.3,67.3,7.1.1,2015,78.45330178
,0.1388888889,2024,22.8,22.6,8.5.1,2015,24.08625
2049,0.9013143032,2024,59.1,25.8,17.8.1,2015,61.85386701
,0.464686024,2024,53,45.6,17.18.1,2016,59.85987398
,,2017,5.7,,10.1.1,,
2124,0.3750402935,2025,13.03,14.8,1.1.1,2015,10.225
,3.333333333,2025,12,11.2,4.1.2,2015,11.5
,1.911437395,2023,69.7,66,43.0.0,2015,68.08346764
,2.104166667,2023,85.9,81.7,45.0.0,2015,84.1
,,2024,0.2048865938,,42.0.0,,
2475,0.3311577359,2024,36.7,33.2,61.1.0,2015,44.1777775
2086,2.501851852,2024,80.7,75.1,61.2.0,2015,77.35
,-6.640812036,2024,54.5,77.7,61.3.0,2015,79.13125
,-1.176870748,2022,0.453,0.507,47.0.0,2015,0.556