reach_target_year,speed,end_year,end_value,start_value,indicator_sdg,start_year,typical_end_value
2001,,2023,2.5,,2.1.1,,
2022,,2024,99.5745942,,6.1.1,,
1990,,2023,100,,7.1.1,,
2029,1.242666255,2024,90.8,73.1,17.8.1,2015,88.47920445
,,2024,91.08666667,,17.18.1,,
1981,,2023,2.2,,3.2.1,,
1982,,2023,1.3,,3.2.2,,
1953,,2025,0,,1.1.1,,
,,2025,12.82172966,,4.1.2,,
,1.919289151,2022,25276.8,20697,8.1.1,2015,23020.6439
,,2023,0.6,,10.1.1,,
,0.6875,2023,81.6,80.5,43.0.0,2015,82.1
,,2023,93.8,,45.0.0,,