reach_target_year,speed,end_year,end_value,start_value,indicator_sdg,start_year,typical_end_value
2001,,2022,2.5,,2.1.1,,
,0.4233498458,2021,85,84,3.8.1,2015,85
,,2023,99.6335907,,4.1.2,,
2016,,2024,82.235,,8.5.1,,
2000,,2022,99.7,99.6,6.1.1,2015,99.67
1990,,2023,100,100,7.1.1,2015,
2022,0.7596927528,2024,95.5,90.6,17.8.1,2015,96.48201831
,,2023,94.41,,17.18.1,,
1950,,2025,0.8,0.7,1.1.1,2015,0.5
,1.22313026,2022,54878.4,51198,8.1.1,2015,54210.68853
,-0.8333333333,2023,1.1,0.9,10.1.1,2015,0.74