reach_target_year,speed,end_year,end_value,start_value,indicator_sdg,start_year,typical_end_value
1990,,2023,100,100,7.1.1,2015,
,,2025,12.15978432,,4.1.2,,
,0.3676470588,2023,76.4,75.9,43.0.0,2015,77.26
,,2017,95.02601755,,61.1.0,,
,-5.389216224,2022,6.915,9.252,47.0.0,2015,9.710446154