reach_target_year,speed,end_year,end_value,start_value,indicator_sdg,start_year,typical_end_value
2019,,2022,2.5,,2.1.1,,
,0.4252203346,2021,75,73,3.8.1,2015,77.4250044
,,2024,94.21829224,,4.1.2,,
2014,,2023,100,100,7.1.1,2015,
2028,1.840607239,2023,87.4,54.3,17.8.1,2015,76.26882161
,0.9193558009,2023,64,53.3,17.18.1,2017,64.9908943
2008,,2025,0.67,1.3,1.1.1,2015,0.9325
,0.2879461507,2022,15869.4,15333,8.1.1,2015,17253.46265
,,2018,1.8,,10.1.1,,