reach_target_year,speed,end_year,end_value,start_value,indicator_sdg,start_year,typical_end_value
2018,,2024,132.4210526,,4.1.2,,
,-0.03401360544,2022,47.1,47.2,6.1.1,2016,50.10653061
2013,,2023,100,100,7.1.1,2015,
,,1990,0,,17.8.1,,
,5.856702153,2022,42205.2,25736.4,8.1.1,2015,28330.041