reach_target_year,speed,end_year,end_value,start_value,indicator_sdg,start_year,typical_end_value
,-0.08333333333,2024,47,47.2,6.1.1,2016,49.6
2013,,2023,100,,7.1.1,,
,,1990,0,,17.8.1,,
1986,,2023,5.6,6.8,3.2.1,2015,5.3
1989,,2023,2.9,3.6,3.2.2,2015,2.8
,7.916666667,2023,12.3,10.9,4.1.2,2015,11.22
,5.856702153,2022,42205.2,25736.4,8.1.1,2015,28330.041
,0.4375,2023,78,77.3,43.0.0,2015,78.9