reach_target_year,speed,end_year,end_value,start_value,indicator_sdg,start_year,typical_end_value
2013,,2023,100,,7.1.1,,
,,1990,0,,17.8.1,,
,7.916666667,2023,12.3,10.9,4.1.2,2015,11.22
,0.4375,2023,78,77.3,43.0.0,2015,78.9
,,2024,0.2535672927,,42.0.0,,
,-0.01953125,2024,47,47.2,6.1.1,2016,57.24833846
2452,0.2976190476,2024,87.1,86.6,6.1.1,2016,88.22714286
2096,0.625,2024,98.2,98.1,6.1.1,2016,98.26
,0.6382189239,2022,6.451,6.203,47.0.0,2015,6.593779221