reach_target_year,speed,end_year,end_value,start_value,indicator_sdg,start_year,typical_end_value
,0,2021,52,52,3.8.1,2015,60.29526866
,,2024,95.14563107,,4.1.2,,
4495,0.1428571429,2022,8.7,8.4,6.1.1,2015,10.54774194
2018,6.094679626,2023,100,98.1,7.1.1,2015,98.94702409
2033,1.654494019,2023,74.3,27.3,17.8.1,2015,60.52349287
,,2023,42.35875,,17.18.1,,
2021,5.115835907,2025,1.1,6.4,1.1.1,2015,4.570165512
,2.088766091,2022,4515,3357.6,8.1.1,2015,3870.598136
,,2010,4.8,,10.1.1,,