reach_target_year,speed,end_year,end_value,start_value,indicator_sdg,start_year,typical_end_value
,-1.75,2023,6.1,4.7,2.1.1,2015,4.2
2015,,2023,100,,7.1.1,,
2037,1.145559341,2023,76,49.4,17.8.1,2015,73.44205445
,0.777975819,2024,52,39.2,17.18.1,2016,55.37476755
1989,,2023,10.6,16.9,3.2.1,2015,12.73333333
2012,,2023,5.8,9.6,3.2.2,2015,7.3
,2.5,2023,12.5,12.3,4.1.2,2015,12.38
,1.094821298,2022,8524.2,7353.6,8.1.1,2015,8416.676084
,0.4375,2023,71.2,70.5,43.0.0,2015,72.1