reach_target_year,speed,end_year,end_value,start_value,indicator_sdg,start_year,typical_end_value
,0.6944444444,2022,4.8,5.2,2.1.1,2015,4.650277778
,-0.5502701373,2021,69,72,3.8.1,2015,76.62055149
2012,,2023,109.6485596,,4.1.2,,
,3.541736042,2024,64.5,60.5,8.5.1,2015,61.70571429
2015,,2023,100,99.4,7.1.1,2015,99.69
2037,1.14418662,2023,76,49.4,17.8.1,2015,73.47829584
,0.7531456655,2023,52.4,39.2,17.18.1,2016,55.80593958
,1.094821298,2022,8524.2,7353.6,8.1.1,2015,8416.676084