reach_target_year,speed,end_year,end_value,start_value,indicator_sdg,start_year,typical_end_value
,-2.609250569,2022,17.6,11.1,2.1.1,2015,9.409284157
,-0.4685860318,2021,75,77,3.8.1,2015,80.63592234
2022,,2024,103.0439529,,4.1.2,,
,-6.085120208,2024,42,52.2,8.5.1,2015,53.73
2012,,2023,100,100,7.1.1,2015,
,,2017,61.6,,17.8.1,,
,-0.2868422233,2023,39.4,44.8,17.18.1,2016,59.74992447
,,2025,9.1,,1.1.1,,
,,2006,6.5,,10.1.1,,