reach_target_year,speed,end_year,end_value,start_value,indicator_sdg,start_year,typical_end_value
,4.3125,2023,5.9,11.3,2.1.1,2015,9.6
2012,,2023,100,,7.1.1,,
,,2017,61.6,,17.8.1,,
,-0.328651421,2024,39.5,45.2,17.18.1,2016,60.34345865
1997,,2023,24.3,19.2,3.2.1,2015,14.45238095
,-0.1,2023,15,14.6,3.2.2,2015,11.38
,,2025,9.1,,1.1.1,,
,3.75,2023,12.1,11.4,4.1.2,2015,11.64
,,2006,6.5,,10.1.1,,
,-0.3125,2023,72.5,73,43.0.0,2015,74.6
,-0.2083333333,2023,78.3,78.8,45.0.0,2015,81.2