reach_target_year,speed,end_year,end_value,start_value,indicator_sdg,start_year,typical_end_value
,,1993,61.0850296,,4.1.2,,
,0,2024,64.4,64.4,8.5.1,2015,65.39
,0,2020,97.9,97.9,6.1.1,2015,98.075
1990,,2023,100,100,7.1.1,2015,
,,2017,64.3775,,17.8.1,,
,1.032508579,2022,36983.4,34007.4,8.1.1,2015,36888.57519