reach_target_year,speed,end_year,end_value,start_value,indicator_sdg,start_year,typical_end_value
1990,,2023,100,100,7.1.1,2015,
,0.5050505051,2024,67.1,66.6,8.5.1,2015,67.59
,,2017,64.3774943,,17.8.1,,
,0.8823529412,2023,75.5,74.3,43.0.0,2015,75.66
2036,0.8333333333,2024,98.7,98.4,61.1.0,2015,98.745
2012,,2024,99.5,99.2,61.2.0,2015,99.38
,0.8203520435,2022,7.953,7.601,47.0.0,2015,8.030967213