reach_target_year,speed,end_year,end_value,start_value,indicator_sdg,start_year,typical_end_value
1990,,1999,100,,7.1.1,,
,,2018,89.443,,17.8.1,,
2008,,2023,9.1,14.3,3.2.1,2015,10.84
2013,,2023,6.8,10.2,3.2.2,2015,7.775
2035,2.636642097,2025,7.6,16.6,1.1.1,2015,12.57811964
,1.989269301,2022,4666.2,3520.8,8.1.1,2015,4057.884
,-4.285714286,2022,7.5,3.9,10.1.1,2015,2
,1.25,2023,78,76,43.0.0,2015,77.6
,1.625,2023,76.5,71.3,45.0.0,2015,74.5