reach_target_year,speed,end_year,end_value,start_value,indicator_sdg,start_year,typical_end_value
1990,,1999,100,,7.1.1,,
,,2018,89.44303197,,17.8.1,,
,-4.348063235,2022,7.5,3.9,10.1.1,2015,3.3725
2041,1.734824822,2025,9.03,16.6,1.1.1,2015,11.635
,1.470588235,2023,78,76,43.0.0,2015,77.36
,1.625,2023,76.5,71.3,45.0.0,2015,74.5
,3.012344661,2022,3.853,3.078,47.0.0,2015,3.320304202