{"types_employment_gender":[{"code":"CHE","sex":"FE","unemployed":5.039,"vulnerable":9.75115255038066,"wage":84.9498110821023,"employer":5.29908019489157},{"code":"CHE","sex":"MA","unemployed":4.724,"vulnerable":9.46012757926914,"wage":81.5284947829749,"employer":9.01141662897516},{"code":"TZA","sex":"FE","unemployed":2.222,"vulnerable":89.4909771737305,"wage":9.41570978845549,"employer":1.09331916618166},{"code":"TZA","sex":"MA","unemployed":0.948,"vulnerable":78.1173606925798,"wage":19.6312911148303,"employer":2.25134819258994}]}